{
  "run_id": "gtcz",
  "n_visible": 430,
  "n_hidden": 500,
  "n_epochs": 50,
  "batch_size": 128,
  "learning_rate": 0.01,
  "cd_steps": 1,
  "min_ingredient_count": 50,
  "test_loss": 0.0035754843783463307,
  "final_train_loss": 0.005232696744090304,
  "final_val_loss": 0.003571256651986102,
  "n_ingredients": 430,
  "n_train_samples": 80000,
  "n_val_samples": 10000,
  "n_test_samples": 10000,
  "random_seed": 42
}