{
  "train_loss": [
    0.008729435188241139,
    0.007399664285332415,
    0.007402365793828204,
    0.007405377875107925,
    0.007409381855704157,
    0.007417784695502017,
    0.007428431461607906,
    0.00744098450581152,
    0.007452715621424267,
    0.007462824103436688,
    0.0074512521305220005,
    0.007436987717729779,
    0.007425830862688983,
    0.007405615163056246,
    0.007367923637057636,
    0.007319254209628441,
    0.007254986896844223,
    0.00719759801999762,
    0.007130122379539165,
    0.007066437520351471,
    0.007000307565544504,
    0.006932703446795864,
    0.0068463220457918,
    0.006769360960547479,
    0.006696494920379277,
    0.006629370518138438,
    0.006556811619810715,
    0.0064832074123927115,
    0.006408730161130356,
    0.006337552092209358,
    0.006271015710314947,
    0.006199758163276251,
    0.006127737930215261,
    0.006061818912376277,
    0.006001866213321759,
    0.005933383986427088,
    0.005873462170642532,
    0.005814119790817408,
    0.005745445401839473,
    0.00570051236191083,
    0.005640449159980907,
    0.005588250097471052,
    0.005541592933548008,
    0.005496914623628734,
    0.00544095507746554,
    0.00539869954612364,
    0.005352838189598593,
    0.0053053262766976075,
    0.005272977144663953,
    0.005232696744090304
  ],
  "val_loss": [
    0.007381882304722553,
    0.007378274821092275,
    0.007370797589432211,
    0.007361203797394482,
    0.007342852130955447,
    0.007316446150640745,
    0.007273569670425686,
    0.007201611757702947,
    0.007115176940435905,
    0.006973516745138183,
    0.006833796730332725,
    0.006660375711853731,
    0.006534425093189258,
    0.006367545718336823,
    0.006185004667712765,
    0.006031286192297876,
    0.005842741234630252,
    0.005711146508619053,
    0.005548063553608253,
    0.005431271992319544,
    0.005315075217334216,
    0.005204323250309874,
    0.005095682451399898,
    0.005013849062065845,
    0.00491113244622291,
    0.004838552981252179,
    0.004743184738535441,
    0.004662382951196258,
    0.00457503013167958,
    0.004507246718024858,
    0.004422980281318562,
    0.004363517809794284,
    0.004295041489748493,
    0.004226605142158492,
    0.004180625802758384,
    0.004110981412278804,
    0.00405916312925392,
    0.004011906429899802,
    0.003955649803391579,
    0.0039197570420140574,
    0.003872318666718309,
    0.003843852606369966,
    0.0037982093103502324,
    0.003775024711655472,
    0.0037289000942779247,
    0.003697765518627401,
    0.003667343058436017,
    0.003628149670835927,
    0.003609143666039891,
    0.003571256651986102
  ],
  "epochs": [
    1,
    2,
    3,
    4,
    5,
    6,
    7,
    8,
    9,
    10,
    11,
    12,
    13,
    14,
    15,
    16,
    17,
    18,
    19,
    20,
    21,
    22,
    23,
    24,
    25,
    26,
    27,
    28,
    29,
    30,
    31,
    32,
    33,
    34,
    35,
    36,
    37,
    38,
    39,
    40,
    41,
    42,
    43,
    44,
    45,
    46,
    47,
    48,
    49,
    50
  ]
}